{
  "BTC/USD": {
    "win_rate": 0.95,
    "pnl": 45947.35,
    "sharpe_ratio": 35.57318292417884,
    "max_drawdown": -0.016115411260967005,
    "total_trades": 100,
    "profit_factor": 30.816193170757032
  },
  "ETH/USD": {
    "win_rate": 0.9,
    "pnl": 35968.57,
    "sharpe_ratio": 25.333817597989853,
    "max_drawdown": -0.02387106060097002,
    "total_trades": 100,
    "profit_factor": 14.853940460737906
  },
  "SOL/USD": {
    "win_rate": 0.85,
    "pnl": 26284.339999999997,
    "sharpe_ratio": 18.807678589319725,
    "max_drawdown": -0.03330558299659621,
    "total_trades": 100,
    "profit_factor": 8.372059235990351
  },
  "ADA/USD": {
    "win_rate": 0.91,
    "pnl": 26890.369999999995,
    "sharpe_ratio": 27.25916555144262,
    "max_drawdown": -0.01294243124316574,
    "total_trades": 100,
    "profit_factor": 16.998935005592706
  },
  "DOT/USD": {
    "win_rate": 0.89,
    "pnl": 24887.129999999997,
    "sharpe_ratio": 24.821003030704176,
    "max_drawdown": -0.014397881850074,
    "total_trades": 100,
    "profit_factor": 13.882804209523712
  },
  "LINK/USD": {
    "win_rate": 0.87,
    "pnl": 21036.510000000002,
    "sharpe_ratio": 21.096640718309857,
    "max_drawdown": -0.02442333253095277,
    "total_trades": 100,
    "profit_factor": 10.471809487789066
  },
  "AVAX/USD": {
    "win_rate": 0.96,
    "pnl": 41108.52,
    "sharpe_ratio": 37.65754436516547,
    "max_drawdown": -0.019387246217042714,
    "total_trades": 100,
    "profit_factor": 37.531814303995446
  },
  "MATIC/USD": {
    "win_rate": 0.82,
    "pnl": 18019.300000000003,
    "sharpe_ratio": 16.731864997739034,
    "max_drawdown": -0.01608340709074141,
    "total_trades": 100,
    "profit_factor": 7.00357163085596
  },
  "UNI/USD": {
    "win_rate": 0.79,
    "pnl": 15928.749999999998,
    "sharpe_ratio": 14.639593790252343,
    "max_drawdown": -0.018778796764896705,
    "total_trades": 100,
    "profit_factor": 5.782159015512464
  },
  "ATOM/USD": {
    "win_rate": 0.8,
    "pnl": 15260.07,
    "sharpe_ratio": 15.538706105192642,
    "max_drawdown": -0.029620971557623815,
    "total_trades": 100,
    "profit_factor": 6.225729235869022
  }
}