{
  "BTC/USD": {
    "win_rate": 0.95,
    "pnl": 44617.990000000005,
    "sharpe_ratio": 35.59900767051017,
    "max_drawdown": -0.018297031169261818,
    "total_trades": 100,
    "profit_factor": 31.714682031583443
  },
  "ETH/USD": {
    "win_rate": 0.92,
    "pnl": 36377.439999999995,
    "sharpe_ratio": 27.50315788861977,
    "max_drawdown": -0.019357448145267592,
    "total_trades": 100,
    "profit_factor": 17.625582713295916
  },
  "SOL/USD": {
    "win_rate": 0.88,
    "pnl": 26683.91,
    "sharpe_ratio": 21.231391918037282,
    "max_drawdown": -0.03815591870699507,
    "total_trades": 100,
    "profit_factor": 10.234464977851607
  },
  "ADA/USD": {
    "win_rate": 0.92,
    "pnl": 27214.329999999998,
    "sharpe_ratio": 28.084065754010435,
    "max_drawdown": -0.01833354280406731,
    "total_trades": 100,
    "profit_factor": 17.85076964991146
  },
  "DOT/USD": {
    "win_rate": 0.88,
    "pnl": 23833.239999999998,
    "sharpe_ratio": 22.21089553507686,
    "max_drawdown": -0.013838267175355709,
    "total_trades": 100,
    "profit_factor": 11.416443768465587
  },
  "LINK/USD": {
    "win_rate": 0.86,
    "pnl": 20510.02,
    "sharpe_ratio": 20.23928343019295,
    "max_drawdown": -0.015292219393368845,
    "total_trades": 100,
    "profit_factor": 9.806552308980443
  },
  "AVAX/USD": {
    "win_rate": 0.88,
    "pnl": 34266.33000000001,
    "sharpe_ratio": 22.124863978856883,
    "max_drawdown": -0.025491631733138963,
    "total_trades": 100,
    "profit_factor": 11.186398052278136
  },
  "MATIC/USD": {
    "win_rate": 0.91,
    "pnl": 21380.520000000004,
    "sharpe_ratio": 25.368058152712585,
    "max_drawdown": -0.01851008153494312,
    "total_trades": 100,
    "profit_factor": 14.320366332315745
  },
  "UNI/USD": {
    "win_rate": 0.8,
    "pnl": 15894.429999999998,
    "sharpe_ratio": 15.32430276518284,
    "max_drawdown": -0.02621583187903772,
    "total_trades": 100,
    "profit_factor": 6.163412685005912
  },
  "ATOM/USD": {
    "win_rate": 0.86,
    "pnl": 16955.26,
    "sharpe_ratio": 19.100656853058265,
    "max_drawdown": -0.026698802797423888,
    "total_trades": 100,
    "profit_factor": 8.576618525006253
  }
}