Pair,Strategy,Model Accuracy (%),Total Return (%),Annual Return (%),Max Drawdown (%),Win Rate (%),Profit Factor,Total Trades
SOL/USD,arima,N/A,-0.6785329607156746,-0.369670608920869,8.780022584595196,39.53488372093023,0.9761464427832063,43
SOL/USD,adaptive,N/A,-9.526299728579579,-5.300057561308713,22.146714862004607,54.761904761904766,0.7796065101556544,42
BTC/USD,arima,N/A,0.011177195653490343,0.01002371716603001,0.008523452827203655,43.47826086956522,1.8329917780583365,23
BTC/USD,adaptive,N/A,0.00554860874573933,0.004976010796586827,0.006922807721398791,39.130434782608695,1.453980009739335,23
ETH/USD,arima,N/A,0.6766861366227386,0.606644759119912,0.6046930588443158,38.095238095238095,1.7160431759514534,21
ETH/USD,adaptive,N/A,-1.2456526087666133,-1.1178299035422334,1.7256078467439362,47.61904761904761,0.3447930459951821,21
DOT/USD,arima,N/A,-100.23733944739226,,105.19108987197833,43.47826086956522,0.7449702407216249,23
DOT/USD,adaptive,N/A,-124.86861524710235,,106.31789825256442,52.38095238095239,1.162379030104623,21
