Pair,Strategy,Model Accuracy (%),Total Return (%),Annual Return (%),Max Drawdown (%),Win Rate (%),Profit Factor,Total Trades
SOL/USD,adaptive,N/A,-9.526299728579579,-5.300057561308713,22.146714862004607,54.761904761904766,0.7796065101556544,42
SOL/USD,arima,N/A,-0.6785329607156746,-0.369670608920869,8.780022584595196,39.53488372093023,0.9761464427832063,43
